{"cameraMode":{"drawMode":0,"name":"Shaded","section":"Shading Mode"},"sceneLighting":true,"audioPlay":false,"sceneViewState":{"m_AlwaysRefresh":false,"showFog":true,"showSkybox":true,"showFlares":true,"showImageEffects":true,"showParticleSystems":true,"showVisualEffectGraphs":true,"m_FxEnabled":true},"in2DMode":false,"pivot":{"x":48.33800506591797,"y":3.3613545894622804,"z":38.30957794189453},"rotation":{"x":0.30968645215034487,"y":-0.17272034287452699,"z":0.05731330066919327,"w":0.9332650303840637},"size":0.3565268814563751,"orthographic":false}